target_keyword,canonical_url,workflow,business_context,deliverable,review_measure
AI workflow selection for marketing agencies,https://www.drconnorrobertsonbooks.com/workflows/ai-workflow-selection/marketing-agencies/,ai-workflow-selection,marketing-agencies,a ranked pilot shortlist with one approved scope,minutes of reviewed work saved per accepted output
AI workflow selection for consulting firms,https://www.drconnorrobertsonbooks.com/workflows/ai-workflow-selection/consulting-firms/,ai-workflow-selection,consulting-firms,a ranked pilot shortlist with one approved scope,minutes of reviewed work saved per accepted output
AI workflow selection for software companies,https://www.drconnorrobertsonbooks.com/workflows/ai-workflow-selection/software-companies/,ai-workflow-selection,software-companies,a ranked pilot shortlist with one approved scope,minutes of reviewed work saved per accepted output
AI workflow selection for ecommerce brands,https://www.drconnorrobertsonbooks.com/workflows/ai-workflow-selection/ecommerce-brands/,ai-workflow-selection,ecommerce-brands,a ranked pilot shortlist with one approved scope,minutes of reviewed work saved per accepted output
AI workflow selection for manufacturers,https://www.drconnorrobertsonbooks.com/workflows/ai-workflow-selection/manufacturers/,ai-workflow-selection,manufacturers,a ranked pilot shortlist with one approved scope,minutes of reviewed work saved per accepted output
AI workflow selection for wholesale distributors,https://www.drconnorrobertsonbooks.com/workflows/ai-workflow-selection/wholesale-distributors/,ai-workflow-selection,wholesale-distributors,a ranked pilot shortlist with one approved scope,minutes of reviewed work saved per accepted output
AI workflow selection for construction companies,https://www.drconnorrobertsonbooks.com/workflows/ai-workflow-selection/construction-companies/,ai-workflow-selection,construction-companies,a ranked pilot shortlist with one approved scope,minutes of reviewed work saved per accepted output
AI workflow selection for trade contractors,https://www.drconnorrobertsonbooks.com/workflows/ai-workflow-selection/trade-contractors/,ai-workflow-selection,trade-contractors,a ranked pilot shortlist with one approved scope,minutes of reviewed work saved per accepted output
AI workflow selection for salons,https://www.drconnorrobertsonbooks.com/workflows/ai-workflow-selection/salons/,ai-workflow-selection,salons,a ranked pilot shortlist with one approved scope,minutes of reviewed work saved per accepted output
AI workflow selection for restaurants,https://www.drconnorrobertsonbooks.com/workflows/ai-workflow-selection/restaurants/,ai-workflow-selection,restaurants,a ranked pilot shortlist with one approved scope,minutes of reviewed work saved per accepted output
AI workflow selection for retail stores,https://www.drconnorrobertsonbooks.com/workflows/ai-workflow-selection/retail-stores/,ai-workflow-selection,retail-stores,a ranked pilot shortlist with one approved scope,minutes of reviewed work saved per accepted output
AI workflow selection for logistics companies,https://www.drconnorrobertsonbooks.com/workflows/ai-workflow-selection/logistics-companies/,ai-workflow-selection,logistics-companies,a ranked pilot shortlist with one approved scope,minutes of reviewed work saved per accepted output
AI workflow selection for cleaning companies,https://www.drconnorrobertsonbooks.com/workflows/ai-workflow-selection/cleaning-companies/,ai-workflow-selection,cleaning-companies,a ranked pilot shortlist with one approved scope,minutes of reviewed work saved per accepted output
AI workflow selection for landscaping companies,https://www.drconnorrobertsonbooks.com/workflows/ai-workflow-selection/landscaping-companies/,ai-workflow-selection,landscaping-companies,a ranked pilot shortlist with one approved scope,minutes of reviewed work saved per accepted output
AI workflow selection for automotive shops,https://www.drconnorrobertsonbooks.com/workflows/ai-workflow-selection/automotive-shops/,ai-workflow-selection,automotive-shops,a ranked pilot shortlist with one approved scope,minutes of reviewed work saved per accepted output
AI workflow selection for fitness studios,https://www.drconnorrobertsonbooks.com/workflows/ai-workflow-selection/fitness-studios/,ai-workflow-selection,fitness-studios,a ranked pilot shortlist with one approved scope,minutes of reviewed work saved per accepted output
AI workflow selection for training companies,https://www.drconnorrobertsonbooks.com/workflows/ai-workflow-selection/training-companies/,ai-workflow-selection,training-companies,a ranked pilot shortlist with one approved scope,minutes of reviewed work saved per accepted output
AI workflow selection for staffing agencies,https://www.drconnorrobertsonbooks.com/workflows/ai-workflow-selection/staffing-agencies/,ai-workflow-selection,staffing-agencies,a ranked pilot shortlist with one approved scope,minutes of reviewed work saved per accepted output
AI workflow selection for event companies,https://www.drconnorrobertsonbooks.com/workflows/ai-workflow-selection/event-companies/,ai-workflow-selection,event-companies,a ranked pilot shortlist with one approved scope,minutes of reviewed work saved per accepted output
AI workflow selection for architecture firms,https://www.drconnorrobertsonbooks.com/workflows/ai-workflow-selection/architecture-firms/,ai-workflow-selection,architecture-firms,a ranked pilot shortlist with one approved scope,minutes of reviewed work saved per accepted output
AI source document inventories for marketing agencies,https://www.drconnorrobertsonbooks.com/workflows/ai-source-inventory/marketing-agencies/,ai-source-inventory,marketing-agencies,a dated source register and unresolved evidence list,share of output statements linked to an approved source
AI source document inventories for consulting firms,https://www.drconnorrobertsonbooks.com/workflows/ai-source-inventory/consulting-firms/,ai-source-inventory,consulting-firms,a dated source register and unresolved evidence list,share of output statements linked to an approved source
AI source document inventories for software companies,https://www.drconnorrobertsonbooks.com/workflows/ai-source-inventory/software-companies/,ai-source-inventory,software-companies,a dated source register and unresolved evidence list,share of output statements linked to an approved source
AI source document inventories for ecommerce brands,https://www.drconnorrobertsonbooks.com/workflows/ai-source-inventory/ecommerce-brands/,ai-source-inventory,ecommerce-brands,a dated source register and unresolved evidence list,share of output statements linked to an approved source
AI source document inventories for manufacturers,https://www.drconnorrobertsonbooks.com/workflows/ai-source-inventory/manufacturers/,ai-source-inventory,manufacturers,a dated source register and unresolved evidence list,share of output statements linked to an approved source
AI source document inventories for wholesale distributors,https://www.drconnorrobertsonbooks.com/workflows/ai-source-inventory/wholesale-distributors/,ai-source-inventory,wholesale-distributors,a dated source register and unresolved evidence list,share of output statements linked to an approved source
AI source document inventories for construction companies,https://www.drconnorrobertsonbooks.com/workflows/ai-source-inventory/construction-companies/,ai-source-inventory,construction-companies,a dated source register and unresolved evidence list,share of output statements linked to an approved source
AI source document inventories for trade contractors,https://www.drconnorrobertsonbooks.com/workflows/ai-source-inventory/trade-contractors/,ai-source-inventory,trade-contractors,a dated source register and unresolved evidence list,share of output statements linked to an approved source
AI source document inventories for salons,https://www.drconnorrobertsonbooks.com/workflows/ai-source-inventory/salons/,ai-source-inventory,salons,a dated source register and unresolved evidence list,share of output statements linked to an approved source
AI source document inventories for restaurants,https://www.drconnorrobertsonbooks.com/workflows/ai-source-inventory/restaurants/,ai-source-inventory,restaurants,a dated source register and unresolved evidence list,share of output statements linked to an approved source
AI source document inventories for retail stores,https://www.drconnorrobertsonbooks.com/workflows/ai-source-inventory/retail-stores/,ai-source-inventory,retail-stores,a dated source register and unresolved evidence list,share of output statements linked to an approved source
AI source document inventories for logistics companies,https://www.drconnorrobertsonbooks.com/workflows/ai-source-inventory/logistics-companies/,ai-source-inventory,logistics-companies,a dated source register and unresolved evidence list,share of output statements linked to an approved source
AI source document inventories for cleaning companies,https://www.drconnorrobertsonbooks.com/workflows/ai-source-inventory/cleaning-companies/,ai-source-inventory,cleaning-companies,a dated source register and unresolved evidence list,share of output statements linked to an approved source
AI source document inventories for landscaping companies,https://www.drconnorrobertsonbooks.com/workflows/ai-source-inventory/landscaping-companies/,ai-source-inventory,landscaping-companies,a dated source register and unresolved evidence list,share of output statements linked to an approved source
AI source document inventories for automotive shops,https://www.drconnorrobertsonbooks.com/workflows/ai-source-inventory/automotive-shops/,ai-source-inventory,automotive-shops,a dated source register and unresolved evidence list,share of output statements linked to an approved source
AI source document inventories for fitness studios,https://www.drconnorrobertsonbooks.com/workflows/ai-source-inventory/fitness-studios/,ai-source-inventory,fitness-studios,a dated source register and unresolved evidence list,share of output statements linked to an approved source
AI source document inventories for training companies,https://www.drconnorrobertsonbooks.com/workflows/ai-source-inventory/training-companies/,ai-source-inventory,training-companies,a dated source register and unresolved evidence list,share of output statements linked to an approved source
AI source document inventories for staffing agencies,https://www.drconnorrobertsonbooks.com/workflows/ai-source-inventory/staffing-agencies/,ai-source-inventory,staffing-agencies,a dated source register and unresolved evidence list,share of output statements linked to an approved source
AI source document inventories for event companies,https://www.drconnorrobertsonbooks.com/workflows/ai-source-inventory/event-companies/,ai-source-inventory,event-companies,a dated source register and unresolved evidence list,share of output statements linked to an approved source
AI source document inventories for architecture firms,https://www.drconnorrobertsonbooks.com/workflows/ai-source-inventory/architecture-firms/,ai-source-inventory,architecture-firms,a dated source register and unresolved evidence list,share of output statements linked to an approved source
AI prompt design for marketing agencies,https://www.drconnorrobertsonbooks.com/workflows/ai-prompt-design/marketing-agencies/,ai-prompt-design,marketing-agencies,a versioned prompt with a sample accepted output,accepted outputs divided by reviewed trial outputs
AI prompt design for consulting firms,https://www.drconnorrobertsonbooks.com/workflows/ai-prompt-design/consulting-firms/,ai-prompt-design,consulting-firms,a versioned prompt with a sample accepted output,accepted outputs divided by reviewed trial outputs
AI prompt design for software companies,https://www.drconnorrobertsonbooks.com/workflows/ai-prompt-design/software-companies/,ai-prompt-design,software-companies,a versioned prompt with a sample accepted output,accepted outputs divided by reviewed trial outputs
AI prompt design for ecommerce brands,https://www.drconnorrobertsonbooks.com/workflows/ai-prompt-design/ecommerce-brands/,ai-prompt-design,ecommerce-brands,a versioned prompt with a sample accepted output,accepted outputs divided by reviewed trial outputs
AI prompt design for manufacturers,https://www.drconnorrobertsonbooks.com/workflows/ai-prompt-design/manufacturers/,ai-prompt-design,manufacturers,a versioned prompt with a sample accepted output,accepted outputs divided by reviewed trial outputs
AI prompt design for wholesale distributors,https://www.drconnorrobertsonbooks.com/workflows/ai-prompt-design/wholesale-distributors/,ai-prompt-design,wholesale-distributors,a versioned prompt with a sample accepted output,accepted outputs divided by reviewed trial outputs
AI prompt design for construction companies,https://www.drconnorrobertsonbooks.com/workflows/ai-prompt-design/construction-companies/,ai-prompt-design,construction-companies,a versioned prompt with a sample accepted output,accepted outputs divided by reviewed trial outputs
AI prompt design for trade contractors,https://www.drconnorrobertsonbooks.com/workflows/ai-prompt-design/trade-contractors/,ai-prompt-design,trade-contractors,a versioned prompt with a sample accepted output,accepted outputs divided by reviewed trial outputs
AI prompt design for salons,https://www.drconnorrobertsonbooks.com/workflows/ai-prompt-design/salons/,ai-prompt-design,salons,a versioned prompt with a sample accepted output,accepted outputs divided by reviewed trial outputs
AI prompt design for restaurants,https://www.drconnorrobertsonbooks.com/workflows/ai-prompt-design/restaurants/,ai-prompt-design,restaurants,a versioned prompt with a sample accepted output,accepted outputs divided by reviewed trial outputs
AI prompt design for retail stores,https://www.drconnorrobertsonbooks.com/workflows/ai-prompt-design/retail-stores/,ai-prompt-design,retail-stores,a versioned prompt with a sample accepted output,accepted outputs divided by reviewed trial outputs
AI prompt design for logistics companies,https://www.drconnorrobertsonbooks.com/workflows/ai-prompt-design/logistics-companies/,ai-prompt-design,logistics-companies,a versioned prompt with a sample accepted output,accepted outputs divided by reviewed trial outputs
AI prompt design for cleaning companies,https://www.drconnorrobertsonbooks.com/workflows/ai-prompt-design/cleaning-companies/,ai-prompt-design,cleaning-companies,a versioned prompt with a sample accepted output,accepted outputs divided by reviewed trial outputs
AI prompt design for landscaping companies,https://www.drconnorrobertsonbooks.com/workflows/ai-prompt-design/landscaping-companies/,ai-prompt-design,landscaping-companies,a versioned prompt with a sample accepted output,accepted outputs divided by reviewed trial outputs
AI prompt design for automotive shops,https://www.drconnorrobertsonbooks.com/workflows/ai-prompt-design/automotive-shops/,ai-prompt-design,automotive-shops,a versioned prompt with a sample accepted output,accepted outputs divided by reviewed trial outputs
AI prompt design for fitness studios,https://www.drconnorrobertsonbooks.com/workflows/ai-prompt-design/fitness-studios/,ai-prompt-design,fitness-studios,a versioned prompt with a sample accepted output,accepted outputs divided by reviewed trial outputs
AI prompt design for training companies,https://www.drconnorrobertsonbooks.com/workflows/ai-prompt-design/training-companies/,ai-prompt-design,training-companies,a versioned prompt with a sample accepted output,accepted outputs divided by reviewed trial outputs
AI prompt design for staffing agencies,https://www.drconnorrobertsonbooks.com/workflows/ai-prompt-design/staffing-agencies/,ai-prompt-design,staffing-agencies,a versioned prompt with a sample accepted output,accepted outputs divided by reviewed trial outputs
AI prompt design for event companies,https://www.drconnorrobertsonbooks.com/workflows/ai-prompt-design/event-companies/,ai-prompt-design,event-companies,a versioned prompt with a sample accepted output,accepted outputs divided by reviewed trial outputs
AI prompt design for architecture firms,https://www.drconnorrobertsonbooks.com/workflows/ai-prompt-design/architecture-firms/,ai-prompt-design,architecture-firms,a versioned prompt with a sample accepted output,accepted outputs divided by reviewed trial outputs
AI output review checklists for marketing agencies,https://www.drconnorrobertsonbooks.com/workflows/ai-output-review/marketing-agencies/,ai-output-review,marketing-agencies,a reviewed draft and correction log,material corrections per reviewed output
AI output review checklists for consulting firms,https://www.drconnorrobertsonbooks.com/workflows/ai-output-review/consulting-firms/,ai-output-review,consulting-firms,a reviewed draft and correction log,material corrections per reviewed output
AI output review checklists for software companies,https://www.drconnorrobertsonbooks.com/workflows/ai-output-review/software-companies/,ai-output-review,software-companies,a reviewed draft and correction log,material corrections per reviewed output
AI output review checklists for ecommerce brands,https://www.drconnorrobertsonbooks.com/workflows/ai-output-review/ecommerce-brands/,ai-output-review,ecommerce-brands,a reviewed draft and correction log,material corrections per reviewed output
AI output review checklists for manufacturers,https://www.drconnorrobertsonbooks.com/workflows/ai-output-review/manufacturers/,ai-output-review,manufacturers,a reviewed draft and correction log,material corrections per reviewed output
AI output review checklists for wholesale distributors,https://www.drconnorrobertsonbooks.com/workflows/ai-output-review/wholesale-distributors/,ai-output-review,wholesale-distributors,a reviewed draft and correction log,material corrections per reviewed output
AI output review checklists for construction companies,https://www.drconnorrobertsonbooks.com/workflows/ai-output-review/construction-companies/,ai-output-review,construction-companies,a reviewed draft and correction log,material corrections per reviewed output
AI output review checklists for trade contractors,https://www.drconnorrobertsonbooks.com/workflows/ai-output-review/trade-contractors/,ai-output-review,trade-contractors,a reviewed draft and correction log,material corrections per reviewed output
AI output review checklists for salons,https://www.drconnorrobertsonbooks.com/workflows/ai-output-review/salons/,ai-output-review,salons,a reviewed draft and correction log,material corrections per reviewed output
AI output review checklists for restaurants,https://www.drconnorrobertsonbooks.com/workflows/ai-output-review/restaurants/,ai-output-review,restaurants,a reviewed draft and correction log,material corrections per reviewed output
AI output review checklists for retail stores,https://www.drconnorrobertsonbooks.com/workflows/ai-output-review/retail-stores/,ai-output-review,retail-stores,a reviewed draft and correction log,material corrections per reviewed output
AI output review checklists for logistics companies,https://www.drconnorrobertsonbooks.com/workflows/ai-output-review/logistics-companies/,ai-output-review,logistics-companies,a reviewed draft and correction log,material corrections per reviewed output
AI output review checklists for cleaning companies,https://www.drconnorrobertsonbooks.com/workflows/ai-output-review/cleaning-companies/,ai-output-review,cleaning-companies,a reviewed draft and correction log,material corrections per reviewed output
AI output review checklists for landscaping companies,https://www.drconnorrobertsonbooks.com/workflows/ai-output-review/landscaping-companies/,ai-output-review,landscaping-companies,a reviewed draft and correction log,material corrections per reviewed output
AI output review checklists for automotive shops,https://www.drconnorrobertsonbooks.com/workflows/ai-output-review/automotive-shops/,ai-output-review,automotive-shops,a reviewed draft and correction log,material corrections per reviewed output
AI output review checklists for fitness studios,https://www.drconnorrobertsonbooks.com/workflows/ai-output-review/fitness-studios/,ai-output-review,fitness-studios,a reviewed draft and correction log,material corrections per reviewed output
AI output review checklists for training companies,https://www.drconnorrobertsonbooks.com/workflows/ai-output-review/training-companies/,ai-output-review,training-companies,a reviewed draft and correction log,material corrections per reviewed output
AI output review checklists for staffing agencies,https://www.drconnorrobertsonbooks.com/workflows/ai-output-review/staffing-agencies/,ai-output-review,staffing-agencies,a reviewed draft and correction log,material corrections per reviewed output
AI output review checklists for event companies,https://www.drconnorrobertsonbooks.com/workflows/ai-output-review/event-companies/,ai-output-review,event-companies,a reviewed draft and correction log,material corrections per reviewed output
AI output review checklists for architecture firms,https://www.drconnorrobertsonbooks.com/workflows/ai-output-review/architecture-firms/,ai-output-review,architecture-firms,a reviewed draft and correction log,material corrections per reviewed output
AI knowledge base organization for marketing agencies,https://www.drconnorrobertsonbooks.com/workflows/ai-knowledge-base/marketing-agencies/,ai-knowledge-base,marketing-agencies,a topic map and maintenance register,questions answered using a current approved entry
AI knowledge base organization for consulting firms,https://www.drconnorrobertsonbooks.com/workflows/ai-knowledge-base/consulting-firms/,ai-knowledge-base,consulting-firms,a topic map and maintenance register,questions answered using a current approved entry
AI knowledge base organization for software companies,https://www.drconnorrobertsonbooks.com/workflows/ai-knowledge-base/software-companies/,ai-knowledge-base,software-companies,a topic map and maintenance register,questions answered using a current approved entry
AI knowledge base organization for ecommerce brands,https://www.drconnorrobertsonbooks.com/workflows/ai-knowledge-base/ecommerce-brands/,ai-knowledge-base,ecommerce-brands,a topic map and maintenance register,questions answered using a current approved entry
AI knowledge base organization for manufacturers,https://www.drconnorrobertsonbooks.com/workflows/ai-knowledge-base/manufacturers/,ai-knowledge-base,manufacturers,a topic map and maintenance register,questions answered using a current approved entry
AI knowledge base organization for wholesale distributors,https://www.drconnorrobertsonbooks.com/workflows/ai-knowledge-base/wholesale-distributors/,ai-knowledge-base,wholesale-distributors,a topic map and maintenance register,questions answered using a current approved entry
AI knowledge base organization for construction companies,https://www.drconnorrobertsonbooks.com/workflows/ai-knowledge-base/construction-companies/,ai-knowledge-base,construction-companies,a topic map and maintenance register,questions answered using a current approved entry
AI knowledge base organization for trade contractors,https://www.drconnorrobertsonbooks.com/workflows/ai-knowledge-base/trade-contractors/,ai-knowledge-base,trade-contractors,a topic map and maintenance register,questions answered using a current approved entry
AI knowledge base organization for salons,https://www.drconnorrobertsonbooks.com/workflows/ai-knowledge-base/salons/,ai-knowledge-base,salons,a topic map and maintenance register,questions answered using a current approved entry
AI knowledge base organization for restaurants,https://www.drconnorrobertsonbooks.com/workflows/ai-knowledge-base/restaurants/,ai-knowledge-base,restaurants,a topic map and maintenance register,questions answered using a current approved entry
AI knowledge base organization for retail stores,https://www.drconnorrobertsonbooks.com/workflows/ai-knowledge-base/retail-stores/,ai-knowledge-base,retail-stores,a topic map and maintenance register,questions answered using a current approved entry
AI knowledge base organization for logistics companies,https://www.drconnorrobertsonbooks.com/workflows/ai-knowledge-base/logistics-companies/,ai-knowledge-base,logistics-companies,a topic map and maintenance register,questions answered using a current approved entry
AI knowledge base organization for cleaning companies,https://www.drconnorrobertsonbooks.com/workflows/ai-knowledge-base/cleaning-companies/,ai-knowledge-base,cleaning-companies,a topic map and maintenance register,questions answered using a current approved entry
AI knowledge base organization for landscaping companies,https://www.drconnorrobertsonbooks.com/workflows/ai-knowledge-base/landscaping-companies/,ai-knowledge-base,landscaping-companies,a topic map and maintenance register,questions answered using a current approved entry
AI knowledge base organization for automotive shops,https://www.drconnorrobertsonbooks.com/workflows/ai-knowledge-base/automotive-shops/,ai-knowledge-base,automotive-shops,a topic map and maintenance register,questions answered using a current approved entry
AI knowledge base organization for fitness studios,https://www.drconnorrobertsonbooks.com/workflows/ai-knowledge-base/fitness-studios/,ai-knowledge-base,fitness-studios,a topic map and maintenance register,questions answered using a current approved entry
AI knowledge base organization for training companies,https://www.drconnorrobertsonbooks.com/workflows/ai-knowledge-base/training-companies/,ai-knowledge-base,training-companies,a topic map and maintenance register,questions answered using a current approved entry
AI knowledge base organization for staffing agencies,https://www.drconnorrobertsonbooks.com/workflows/ai-knowledge-base/staffing-agencies/,ai-knowledge-base,staffing-agencies,a topic map and maintenance register,questions answered using a current approved entry
AI knowledge base organization for event companies,https://www.drconnorrobertsonbooks.com/workflows/ai-knowledge-base/event-companies/,ai-knowledge-base,event-companies,a topic map and maintenance register,questions answered using a current approved entry
AI knowledge base organization for architecture firms,https://www.drconnorrobertsonbooks.com/workflows/ai-knowledge-base/architecture-firms/,ai-knowledge-base,architecture-firms,a topic map and maintenance register,questions answered using a current approved entry
AI team training plans for marketing agencies,https://www.drconnorrobertsonbooks.com/workflows/ai-team-training/marketing-agencies/,ai-team-training,marketing-agencies,a practice plan with task-level sign-off,practice cases accepted without material correction
AI team training plans for consulting firms,https://www.drconnorrobertsonbooks.com/workflows/ai-team-training/consulting-firms/,ai-team-training,consulting-firms,a practice plan with task-level sign-off,practice cases accepted without material correction
AI team training plans for software companies,https://www.drconnorrobertsonbooks.com/workflows/ai-team-training/software-companies/,ai-team-training,software-companies,a practice plan with task-level sign-off,practice cases accepted without material correction
AI team training plans for ecommerce brands,https://www.drconnorrobertsonbooks.com/workflows/ai-team-training/ecommerce-brands/,ai-team-training,ecommerce-brands,a practice plan with task-level sign-off,practice cases accepted without material correction
AI team training plans for manufacturers,https://www.drconnorrobertsonbooks.com/workflows/ai-team-training/manufacturers/,ai-team-training,manufacturers,a practice plan with task-level sign-off,practice cases accepted without material correction
AI team training plans for wholesale distributors,https://www.drconnorrobertsonbooks.com/workflows/ai-team-training/wholesale-distributors/,ai-team-training,wholesale-distributors,a practice plan with task-level sign-off,practice cases accepted without material correction
AI team training plans for construction companies,https://www.drconnorrobertsonbooks.com/workflows/ai-team-training/construction-companies/,ai-team-training,construction-companies,a practice plan with task-level sign-off,practice cases accepted without material correction
AI team training plans for trade contractors,https://www.drconnorrobertsonbooks.com/workflows/ai-team-training/trade-contractors/,ai-team-training,trade-contractors,a practice plan with task-level sign-off,practice cases accepted without material correction
AI team training plans for salons,https://www.drconnorrobertsonbooks.com/workflows/ai-team-training/salons/,ai-team-training,salons,a practice plan with task-level sign-off,practice cases accepted without material correction
AI team training plans for restaurants,https://www.drconnorrobertsonbooks.com/workflows/ai-team-training/restaurants/,ai-team-training,restaurants,a practice plan with task-level sign-off,practice cases accepted without material correction
AI team training plans for retail stores,https://www.drconnorrobertsonbooks.com/workflows/ai-team-training/retail-stores/,ai-team-training,retail-stores,a practice plan with task-level sign-off,practice cases accepted without material correction
AI team training plans for logistics companies,https://www.drconnorrobertsonbooks.com/workflows/ai-team-training/logistics-companies/,ai-team-training,logistics-companies,a practice plan with task-level sign-off,practice cases accepted without material correction
AI team training plans for cleaning companies,https://www.drconnorrobertsonbooks.com/workflows/ai-team-training/cleaning-companies/,ai-team-training,cleaning-companies,a practice plan with task-level sign-off,practice cases accepted without material correction
AI team training plans for landscaping companies,https://www.drconnorrobertsonbooks.com/workflows/ai-team-training/landscaping-companies/,ai-team-training,landscaping-companies,a practice plan with task-level sign-off,practice cases accepted without material correction
AI team training plans for automotive shops,https://www.drconnorrobertsonbooks.com/workflows/ai-team-training/automotive-shops/,ai-team-training,automotive-shops,a practice plan with task-level sign-off,practice cases accepted without material correction
AI team training plans for fitness studios,https://www.drconnorrobertsonbooks.com/workflows/ai-team-training/fitness-studios/,ai-team-training,fitness-studios,a practice plan with task-level sign-off,practice cases accepted without material correction
AI team training plans for training companies,https://www.drconnorrobertsonbooks.com/workflows/ai-team-training/training-companies/,ai-team-training,training-companies,a practice plan with task-level sign-off,practice cases accepted without material correction
AI team training plans for staffing agencies,https://www.drconnorrobertsonbooks.com/workflows/ai-team-training/staffing-agencies/,ai-team-training,staffing-agencies,a practice plan with task-level sign-off,practice cases accepted without material correction
AI team training plans for event companies,https://www.drconnorrobertsonbooks.com/workflows/ai-team-training/event-companies/,ai-team-training,event-companies,a practice plan with task-level sign-off,practice cases accepted without material correction
AI team training plans for architecture firms,https://www.drconnorrobertsonbooks.com/workflows/ai-team-training/architecture-firms/,ai-team-training,architecture-firms,a practice plan with task-level sign-off,practice cases accepted without material correction
AI pilot measurement for marketing agencies,https://www.drconnorrobertsonbooks.com/workflows/ai-pilot-measurement/marketing-agencies/,ai-pilot-measurement,marketing-agencies,a pilot results table and continue-or-adjust decision,total reviewed minutes per accepted deliverable
AI pilot measurement for consulting firms,https://www.drconnorrobertsonbooks.com/workflows/ai-pilot-measurement/consulting-firms/,ai-pilot-measurement,consulting-firms,a pilot results table and continue-or-adjust decision,total reviewed minutes per accepted deliverable
AI pilot measurement for software companies,https://www.drconnorrobertsonbooks.com/workflows/ai-pilot-measurement/software-companies/,ai-pilot-measurement,software-companies,a pilot results table and continue-or-adjust decision,total reviewed minutes per accepted deliverable
AI pilot measurement for ecommerce brands,https://www.drconnorrobertsonbooks.com/workflows/ai-pilot-measurement/ecommerce-brands/,ai-pilot-measurement,ecommerce-brands,a pilot results table and continue-or-adjust decision,total reviewed minutes per accepted deliverable
AI pilot measurement for manufacturers,https://www.drconnorrobertsonbooks.com/workflows/ai-pilot-measurement/manufacturers/,ai-pilot-measurement,manufacturers,a pilot results table and continue-or-adjust decision,total reviewed minutes per accepted deliverable
AI pilot measurement for wholesale distributors,https://www.drconnorrobertsonbooks.com/workflows/ai-pilot-measurement/wholesale-distributors/,ai-pilot-measurement,wholesale-distributors,a pilot results table and continue-or-adjust decision,total reviewed minutes per accepted deliverable
AI pilot measurement for construction companies,https://www.drconnorrobertsonbooks.com/workflows/ai-pilot-measurement/construction-companies/,ai-pilot-measurement,construction-companies,a pilot results table and continue-or-adjust decision,total reviewed minutes per accepted deliverable
AI pilot measurement for trade contractors,https://www.drconnorrobertsonbooks.com/workflows/ai-pilot-measurement/trade-contractors/,ai-pilot-measurement,trade-contractors,a pilot results table and continue-or-adjust decision,total reviewed minutes per accepted deliverable
AI pilot measurement for salons,https://www.drconnorrobertsonbooks.com/workflows/ai-pilot-measurement/salons/,ai-pilot-measurement,salons,a pilot results table and continue-or-adjust decision,total reviewed minutes per accepted deliverable
AI pilot measurement for restaurants,https://www.drconnorrobertsonbooks.com/workflows/ai-pilot-measurement/restaurants/,ai-pilot-measurement,restaurants,a pilot results table and continue-or-adjust decision,total reviewed minutes per accepted deliverable
AI pilot measurement for retail stores,https://www.drconnorrobertsonbooks.com/workflows/ai-pilot-measurement/retail-stores/,ai-pilot-measurement,retail-stores,a pilot results table and continue-or-adjust decision,total reviewed minutes per accepted deliverable
AI pilot measurement for logistics companies,https://www.drconnorrobertsonbooks.com/workflows/ai-pilot-measurement/logistics-companies/,ai-pilot-measurement,logistics-companies,a pilot results table and continue-or-adjust decision,total reviewed minutes per accepted deliverable
AI pilot measurement for cleaning companies,https://www.drconnorrobertsonbooks.com/workflows/ai-pilot-measurement/cleaning-companies/,ai-pilot-measurement,cleaning-companies,a pilot results table and continue-or-adjust decision,total reviewed minutes per accepted deliverable
AI pilot measurement for landscaping companies,https://www.drconnorrobertsonbooks.com/workflows/ai-pilot-measurement/landscaping-companies/,ai-pilot-measurement,landscaping-companies,a pilot results table and continue-or-adjust decision,total reviewed minutes per accepted deliverable
AI pilot measurement for automotive shops,https://www.drconnorrobertsonbooks.com/workflows/ai-pilot-measurement/automotive-shops/,ai-pilot-measurement,automotive-shops,a pilot results table and continue-or-adjust decision,total reviewed minutes per accepted deliverable
AI pilot measurement for fitness studios,https://www.drconnorrobertsonbooks.com/workflows/ai-pilot-measurement/fitness-studios/,ai-pilot-measurement,fitness-studios,a pilot results table and continue-or-adjust decision,total reviewed minutes per accepted deliverable
AI pilot measurement for training companies,https://www.drconnorrobertsonbooks.com/workflows/ai-pilot-measurement/training-companies/,ai-pilot-measurement,training-companies,a pilot results table and continue-or-adjust decision,total reviewed minutes per accepted deliverable
AI pilot measurement for staffing agencies,https://www.drconnorrobertsonbooks.com/workflows/ai-pilot-measurement/staffing-agencies/,ai-pilot-measurement,staffing-agencies,a pilot results table and continue-or-adjust decision,total reviewed minutes per accepted deliverable
AI pilot measurement for event companies,https://www.drconnorrobertsonbooks.com/workflows/ai-pilot-measurement/event-companies/,ai-pilot-measurement,event-companies,a pilot results table and continue-or-adjust decision,total reviewed minutes per accepted deliverable
AI pilot measurement for architecture firms,https://www.drconnorrobertsonbooks.com/workflows/ai-pilot-measurement/architecture-firms/,ai-pilot-measurement,architecture-firms,a pilot results table and continue-or-adjust decision,total reviewed minutes per accepted deliverable
AI workflow vendor evaluation for marketing agencies,https://www.drconnorrobertsonbooks.com/workflows/ai-vendor-evaluation/marketing-agencies/,ai-vendor-evaluation,marketing-agencies,a comparison matrix based on documented trials,required task criteria met in the controlled trial
AI workflow vendor evaluation for consulting firms,https://www.drconnorrobertsonbooks.com/workflows/ai-vendor-evaluation/consulting-firms/,ai-vendor-evaluation,consulting-firms,a comparison matrix based on documented trials,required task criteria met in the controlled trial
AI workflow vendor evaluation for software companies,https://www.drconnorrobertsonbooks.com/workflows/ai-vendor-evaluation/software-companies/,ai-vendor-evaluation,software-companies,a comparison matrix based on documented trials,required task criteria met in the controlled trial
AI workflow vendor evaluation for ecommerce brands,https://www.drconnorrobertsonbooks.com/workflows/ai-vendor-evaluation/ecommerce-brands/,ai-vendor-evaluation,ecommerce-brands,a comparison matrix based on documented trials,required task criteria met in the controlled trial
AI workflow vendor evaluation for manufacturers,https://www.drconnorrobertsonbooks.com/workflows/ai-vendor-evaluation/manufacturers/,ai-vendor-evaluation,manufacturers,a comparison matrix based on documented trials,required task criteria met in the controlled trial
AI workflow vendor evaluation for wholesale distributors,https://www.drconnorrobertsonbooks.com/workflows/ai-vendor-evaluation/wholesale-distributors/,ai-vendor-evaluation,wholesale-distributors,a comparison matrix based on documented trials,required task criteria met in the controlled trial
AI workflow vendor evaluation for construction companies,https://www.drconnorrobertsonbooks.com/workflows/ai-vendor-evaluation/construction-companies/,ai-vendor-evaluation,construction-companies,a comparison matrix based on documented trials,required task criteria met in the controlled trial
AI workflow vendor evaluation for trade contractors,https://www.drconnorrobertsonbooks.com/workflows/ai-vendor-evaluation/trade-contractors/,ai-vendor-evaluation,trade-contractors,a comparison matrix based on documented trials,required task criteria met in the controlled trial
AI workflow vendor evaluation for salons,https://www.drconnorrobertsonbooks.com/workflows/ai-vendor-evaluation/salons/,ai-vendor-evaluation,salons,a comparison matrix based on documented trials,required task criteria met in the controlled trial
AI workflow vendor evaluation for restaurants,https://www.drconnorrobertsonbooks.com/workflows/ai-vendor-evaluation/restaurants/,ai-vendor-evaluation,restaurants,a comparison matrix based on documented trials,required task criteria met in the controlled trial
AI workflow vendor evaluation for retail stores,https://www.drconnorrobertsonbooks.com/workflows/ai-vendor-evaluation/retail-stores/,ai-vendor-evaluation,retail-stores,a comparison matrix based on documented trials,required task criteria met in the controlled trial
AI workflow vendor evaluation for logistics companies,https://www.drconnorrobertsonbooks.com/workflows/ai-vendor-evaluation/logistics-companies/,ai-vendor-evaluation,logistics-companies,a comparison matrix based on documented trials,required task criteria met in the controlled trial
AI workflow vendor evaluation for cleaning companies,https://www.drconnorrobertsonbooks.com/workflows/ai-vendor-evaluation/cleaning-companies/,ai-vendor-evaluation,cleaning-companies,a comparison matrix based on documented trials,required task criteria met in the controlled trial
AI workflow vendor evaluation for landscaping companies,https://www.drconnorrobertsonbooks.com/workflows/ai-vendor-evaluation/landscaping-companies/,ai-vendor-evaluation,landscaping-companies,a comparison matrix based on documented trials,required task criteria met in the controlled trial
AI workflow vendor evaluation for automotive shops,https://www.drconnorrobertsonbooks.com/workflows/ai-vendor-evaluation/automotive-shops/,ai-vendor-evaluation,automotive-shops,a comparison matrix based on documented trials,required task criteria met in the controlled trial
AI workflow vendor evaluation for fitness studios,https://www.drconnorrobertsonbooks.com/workflows/ai-vendor-evaluation/fitness-studios/,ai-vendor-evaluation,fitness-studios,a comparison matrix based on documented trials,required task criteria met in the controlled trial
AI workflow vendor evaluation for training companies,https://www.drconnorrobertsonbooks.com/workflows/ai-vendor-evaluation/training-companies/,ai-vendor-evaluation,training-companies,a comparison matrix based on documented trials,required task criteria met in the controlled trial
AI workflow vendor evaluation for staffing agencies,https://www.drconnorrobertsonbooks.com/workflows/ai-vendor-evaluation/staffing-agencies/,ai-vendor-evaluation,staffing-agencies,a comparison matrix based on documented trials,required task criteria met in the controlled trial
AI workflow vendor evaluation for event companies,https://www.drconnorrobertsonbooks.com/workflows/ai-vendor-evaluation/event-companies/,ai-vendor-evaluation,event-companies,a comparison matrix based on documented trials,required task criteria met in the controlled trial
AI workflow vendor evaluation for architecture firms,https://www.drconnorrobertsonbooks.com/workflows/ai-vendor-evaluation/architecture-firms/,ai-vendor-evaluation,architecture-firms,a comparison matrix based on documented trials,required task criteria met in the controlled trial
AI adoption roadmaps for marketing agencies,https://www.drconnorrobertsonbooks.com/workflows/ai-adoption-roadmap/marketing-agencies/,ai-adoption-roadmap,marketing-agencies,a phased roadmap with explicit dependencies,milestones completed with acceptance evidence
AI adoption roadmaps for consulting firms,https://www.drconnorrobertsonbooks.com/workflows/ai-adoption-roadmap/consulting-firms/,ai-adoption-roadmap,consulting-firms,a phased roadmap with explicit dependencies,milestones completed with acceptance evidence
AI adoption roadmaps for software companies,https://www.drconnorrobertsonbooks.com/workflows/ai-adoption-roadmap/software-companies/,ai-adoption-roadmap,software-companies,a phased roadmap with explicit dependencies,milestones completed with acceptance evidence
AI adoption roadmaps for ecommerce brands,https://www.drconnorrobertsonbooks.com/workflows/ai-adoption-roadmap/ecommerce-brands/,ai-adoption-roadmap,ecommerce-brands,a phased roadmap with explicit dependencies,milestones completed with acceptance evidence
AI adoption roadmaps for manufacturers,https://www.drconnorrobertsonbooks.com/workflows/ai-adoption-roadmap/manufacturers/,ai-adoption-roadmap,manufacturers,a phased roadmap with explicit dependencies,milestones completed with acceptance evidence
AI adoption roadmaps for wholesale distributors,https://www.drconnorrobertsonbooks.com/workflows/ai-adoption-roadmap/wholesale-distributors/,ai-adoption-roadmap,wholesale-distributors,a phased roadmap with explicit dependencies,milestones completed with acceptance evidence
AI adoption roadmaps for construction companies,https://www.drconnorrobertsonbooks.com/workflows/ai-adoption-roadmap/construction-companies/,ai-adoption-roadmap,construction-companies,a phased roadmap with explicit dependencies,milestones completed with acceptance evidence
AI adoption roadmaps for trade contractors,https://www.drconnorrobertsonbooks.com/workflows/ai-adoption-roadmap/trade-contractors/,ai-adoption-roadmap,trade-contractors,a phased roadmap with explicit dependencies,milestones completed with acceptance evidence
AI adoption roadmaps for salons,https://www.drconnorrobertsonbooks.com/workflows/ai-adoption-roadmap/salons/,ai-adoption-roadmap,salons,a phased roadmap with explicit dependencies,milestones completed with acceptance evidence
AI adoption roadmaps for restaurants,https://www.drconnorrobertsonbooks.com/workflows/ai-adoption-roadmap/restaurants/,ai-adoption-roadmap,restaurants,a phased roadmap with explicit dependencies,milestones completed with acceptance evidence
AI adoption roadmaps for retail stores,https://www.drconnorrobertsonbooks.com/workflows/ai-adoption-roadmap/retail-stores/,ai-adoption-roadmap,retail-stores,a phased roadmap with explicit dependencies,milestones completed with acceptance evidence
AI adoption roadmaps for logistics companies,https://www.drconnorrobertsonbooks.com/workflows/ai-adoption-roadmap/logistics-companies/,ai-adoption-roadmap,logistics-companies,a phased roadmap with explicit dependencies,milestones completed with acceptance evidence
AI adoption roadmaps for cleaning companies,https://www.drconnorrobertsonbooks.com/workflows/ai-adoption-roadmap/cleaning-companies/,ai-adoption-roadmap,cleaning-companies,a phased roadmap with explicit dependencies,milestones completed with acceptance evidence
AI adoption roadmaps for landscaping companies,https://www.drconnorrobertsonbooks.com/workflows/ai-adoption-roadmap/landscaping-companies/,ai-adoption-roadmap,landscaping-companies,a phased roadmap with explicit dependencies,milestones completed with acceptance evidence
AI adoption roadmaps for automotive shops,https://www.drconnorrobertsonbooks.com/workflows/ai-adoption-roadmap/automotive-shops/,ai-adoption-roadmap,automotive-shops,a phased roadmap with explicit dependencies,milestones completed with acceptance evidence
AI adoption roadmaps for fitness studios,https://www.drconnorrobertsonbooks.com/workflows/ai-adoption-roadmap/fitness-studios/,ai-adoption-roadmap,fitness-studios,a phased roadmap with explicit dependencies,milestones completed with acceptance evidence
AI adoption roadmaps for training companies,https://www.drconnorrobertsonbooks.com/workflows/ai-adoption-roadmap/training-companies/,ai-adoption-roadmap,training-companies,a phased roadmap with explicit dependencies,milestones completed with acceptance evidence
AI adoption roadmaps for staffing agencies,https://www.drconnorrobertsonbooks.com/workflows/ai-adoption-roadmap/staffing-agencies/,ai-adoption-roadmap,staffing-agencies,a phased roadmap with explicit dependencies,milestones completed with acceptance evidence
AI adoption roadmaps for event companies,https://www.drconnorrobertsonbooks.com/workflows/ai-adoption-roadmap/event-companies/,ai-adoption-roadmap,event-companies,a phased roadmap with explicit dependencies,milestones completed with acceptance evidence
AI adoption roadmaps for architecture firms,https://www.drconnorrobertsonbooks.com/workflows/ai-adoption-roadmap/architecture-firms/,ai-adoption-roadmap,architecture-firms,a phased roadmap with explicit dependencies,milestones completed with acceptance evidence
AI context handoff notes for marketing agencies,https://www.drconnorrobertsonbooks.com/workflows/ai-context-handoffs/marketing-agencies/,ai-context-handoffs,marketing-agencies,a concise context packet with evidence links,handoffs completed without repeated clarification of recorded facts
AI context handoff notes for consulting firms,https://www.drconnorrobertsonbooks.com/workflows/ai-context-handoffs/consulting-firms/,ai-context-handoffs,consulting-firms,a concise context packet with evidence links,handoffs completed without repeated clarification of recorded facts
AI context handoff notes for software companies,https://www.drconnorrobertsonbooks.com/workflows/ai-context-handoffs/software-companies/,ai-context-handoffs,software-companies,a concise context packet with evidence links,handoffs completed without repeated clarification of recorded facts
AI context handoff notes for ecommerce brands,https://www.drconnorrobertsonbooks.com/workflows/ai-context-handoffs/ecommerce-brands/,ai-context-handoffs,ecommerce-brands,a concise context packet with evidence links,handoffs completed without repeated clarification of recorded facts
AI context handoff notes for manufacturers,https://www.drconnorrobertsonbooks.com/workflows/ai-context-handoffs/manufacturers/,ai-context-handoffs,manufacturers,a concise context packet with evidence links,handoffs completed without repeated clarification of recorded facts
AI context handoff notes for wholesale distributors,https://www.drconnorrobertsonbooks.com/workflows/ai-context-handoffs/wholesale-distributors/,ai-context-handoffs,wholesale-distributors,a concise context packet with evidence links,handoffs completed without repeated clarification of recorded facts
AI context handoff notes for construction companies,https://www.drconnorrobertsonbooks.com/workflows/ai-context-handoffs/construction-companies/,ai-context-handoffs,construction-companies,a concise context packet with evidence links,handoffs completed without repeated clarification of recorded facts
AI context handoff notes for trade contractors,https://www.drconnorrobertsonbooks.com/workflows/ai-context-handoffs/trade-contractors/,ai-context-handoffs,trade-contractors,a concise context packet with evidence links,handoffs completed without repeated clarification of recorded facts
AI context handoff notes for salons,https://www.drconnorrobertsonbooks.com/workflows/ai-context-handoffs/salons/,ai-context-handoffs,salons,a concise context packet with evidence links,handoffs completed without repeated clarification of recorded facts
AI context handoff notes for restaurants,https://www.drconnorrobertsonbooks.com/workflows/ai-context-handoffs/restaurants/,ai-context-handoffs,restaurants,a concise context packet with evidence links,handoffs completed without repeated clarification of recorded facts
AI context handoff notes for retail stores,https://www.drconnorrobertsonbooks.com/workflows/ai-context-handoffs/retail-stores/,ai-context-handoffs,retail-stores,a concise context packet with evidence links,handoffs completed without repeated clarification of recorded facts
AI context handoff notes for logistics companies,https://www.drconnorrobertsonbooks.com/workflows/ai-context-handoffs/logistics-companies/,ai-context-handoffs,logistics-companies,a concise context packet with evidence links,handoffs completed without repeated clarification of recorded facts
AI context handoff notes for cleaning companies,https://www.drconnorrobertsonbooks.com/workflows/ai-context-handoffs/cleaning-companies/,ai-context-handoffs,cleaning-companies,a concise context packet with evidence links,handoffs completed without repeated clarification of recorded facts
AI context handoff notes for landscaping companies,https://www.drconnorrobertsonbooks.com/workflows/ai-context-handoffs/landscaping-companies/,ai-context-handoffs,landscaping-companies,a concise context packet with evidence links,handoffs completed without repeated clarification of recorded facts
AI context handoff notes for automotive shops,https://www.drconnorrobertsonbooks.com/workflows/ai-context-handoffs/automotive-shops/,ai-context-handoffs,automotive-shops,a concise context packet with evidence links,handoffs completed without repeated clarification of recorded facts
AI context handoff notes for fitness studios,https://www.drconnorrobertsonbooks.com/workflows/ai-context-handoffs/fitness-studios/,ai-context-handoffs,fitness-studios,a concise context packet with evidence links,handoffs completed without repeated clarification of recorded facts
AI context handoff notes for training companies,https://www.drconnorrobertsonbooks.com/workflows/ai-context-handoffs/training-companies/,ai-context-handoffs,training-companies,a concise context packet with evidence links,handoffs completed without repeated clarification of recorded facts
AI context handoff notes for staffing agencies,https://www.drconnorrobertsonbooks.com/workflows/ai-context-handoffs/staffing-agencies/,ai-context-handoffs,staffing-agencies,a concise context packet with evidence links,handoffs completed without repeated clarification of recorded facts
AI context handoff notes for event companies,https://www.drconnorrobertsonbooks.com/workflows/ai-context-handoffs/event-companies/,ai-context-handoffs,event-companies,a concise context packet with evidence links,handoffs completed without repeated clarification of recorded facts
AI context handoff notes for architecture firms,https://www.drconnorrobertsonbooks.com/workflows/ai-context-handoffs/architecture-firms/,ai-context-handoffs,architecture-firms,a concise context packet with evidence links,handoffs completed without repeated clarification of recorded facts
